{
  "__comment": "Instructions: https://blakesmods.com/docs/cucumber/tags-config",
  "c:ingots/constantan": "null",
  "c:ingots/tin": "null",
  "c:gems/sapphire": "null",
  "c:ingots/bronze": "null",
  "c:ingots/electrum": "null",
  "c:silicons": "null",
  "c:gems/apatite": "null",
  "c:ingots/silver": "null",
  "c:dusts/saltpeter": "null",
  "c:ingots/steel": "null",
  "c:ingots/platinum": "null",
  "c:ingots/lead": "null",
  "c:ingots/graphite": "null",
  "c:ingots/uranium": "null",
  "c:ingots/aluminum": "null",
  "c:ingots/iridium": "null",
  "c:ingots/zinc": "create:zinc_ingot",
  "c:ingots/invar": "null",
  "c:gems/ruby": "null",
  "c:dusts/niter": "null",
  "c:ingots/brass": "create:brass_ingot",
  "c:rubbers": "null",
  "c:dusts/sulfur": "null",
  "c:gems/peridot": "null",
  "c:ingots/nickel": "null",
  "c:silicon": "ae2:silicon"
}